Datetime,Tweet Id,Text,Username,Like Count,Reply Count,Retweet Count,Country
2021-03-07 17:27:28+00:00,1368614287757950985,"The sound of enthusiastic applause returned to Beit HaNasi this evening for the first time since the outbreak of #coronavirus, marking #InternationalWomensDay with @HabimaTheatre and Haifa Theater's tribute to women in theater: ""Women Create Israeli Theater""
The show must go on! https://t.co/3rNOdqzTnM",PresidentRuvi,40,3,15,Israel
2021-03-04 12:22:27+00:00,1367450364862169089,"With Dor, Carmel and Khouloud at a Tel-Aviv Yafo youth center, who told me about the tough socio-economic impact of #coronavirus. 
I believe in our young people and we must not lose them. We must grow together out of this crisis and rebuild our economy in the digital, global era. https://t.co/TcE9FbiLLN",PresidentRuvi,38,3,8,Israel
2021-02-17 12:13:25+00:00,1362012271317307395,"The prospect of snow didn't stop us going out to support the medical teams today at Jerusalem's @herzog_hospital, working round the clock with elderly patients and the young on respiratory support to fight #coronavirus.
It is our shared duty to protect and care for our elderly. https://t.co/YM534FabBt",PresidentRuvi,38,1,8,Israel
2021-02-14 09:34:53+00:00,1360885212838772741,A working meeting with Pres. @AnastasiadesCY of #Cyprus. I welcome the recent agreement on flights and tourism between our countries and call on others to adopt 'Green Passes'. #Coronavirus has shown us that today's challenges know no borders. We must work together to meet them. https://t.co/KwSGkeZSOL,PresidentRuvi,108,5,27,Israel
2021-02-11 12:28:15+00:00,1359841679965102082,"Receiving the Unity Scroll of the Social Forum today, Rav Grossman's initiative aimed at healing the rifts in Israeli society, particularly with #coronavirus. 
Unity and mutual responsibility - our Jewish and democratic 'togetherness' - are key to getting through this challenge. https://t.co/NiEN519Tp3",PresidentRuvi,34,3,11,Israel
2021-02-04 11:37:11+00:00,1357292113071927297,"Thank you to the medical teams, from the bottom of my heart, from me and all Israelis. Thank you for your boundless dedication in fighting the pandemic. You're the best! https://t.co/1SC810r0v7",PresidentRuvi,31,3,9,Israel
2021-02-04 11:37:09+00:00,1357292104670720000,"Visiting Shamir Medical Center today in support of the medical teams dealing with #coronavirus.
The innovative breath test I tried gives an immediate corona diagnosis and could replace the swab test, and the hyperbaric chamber does wonders for those with respiratory difficulties https://t.co/4eqTbjyFYM",PresidentRuvi,86,6,37,Israel
2021-01-31 09:19:57+00:00,1355808025450336258,"Receiving the Children in Israel report from the National Council for the Child, with worrying data on #coronavirus and our children.
We citizens must say: after the elections our elected officials must ensure a good present and a better future for our children. All our children https://t.co/avjMOt5j98",PresidentRuvi,45,5,6,Israel
2021-01-28 10:11:44+00:00,1354733893883146240,"Visiting new mothers today, I spoke with Ilana and her beautiful baby Lia on the corona ward at Ichilov Medical Center. I heard about the huge difficulties of giving birth during the pandemic and the wonderful support of the medical teams. Mazal tov, dear Ilana! https://t.co/IIBifAKLID",PresidentRuvi,63,2,7,Israel
2021-01-18 10:17:33+00:00,1351111479441977345,"Meeting today with heads of Israel's hospitals and hearing their difficulties, which are our difficulties. 
We cannot allow our public hospitals to collapse. We cannot allow #coronavirus to defeat our hospitals, We cannot beat it without them. https://t.co/9f9qyDdPU8",PresidentRuvi,78,6,17,Israel
2021-01-12 11:58:07+00:00,1348962459193925632,"Saluting special education, the teachers, therapists and all those who continue to envelop our special children with love during these difficult days of #coronavirus. Visiting @BeitIssie today, and sending my thanks and blessings to you all, across the country. https://t.co/3H0hMf0RQ1",PresidentRuvi,75,4,15,Israel
2021-01-07 16:12:00+00:00,1347214411350597633,"There will be better days. We have gone through bad times in the past and overcome them. The effect of the vaccine is close at hand. We will return to normality. Until then, be patient and disciplined and do everything to minimize infection.

https://t.co/jLLOFdjTVl",PresidentRuvi,52,8,22,Israel
2021-01-07 15:07:18+00:00,1347198130333351937,"Just before the lockdown, today we distributed the 5000th computer through Mitchashvim to school kids from all parts of Israeli society.

 We will continue to close the digital gap together with our many partners in this important initiative, making sure no child is left behind. https://t.co/P5V7EIqHHi",PresidentRuvi,66,2,18,Israel
2021-01-07 12:50:19+00:00,1347163656883220480,"There will be better days. We have gone through bad times in the past and overcome them. The effect of the vaccine is close at hand, and we will return to normality. Until then, we must be patient and disciplined, and do everything we can to minimize infection.",PresidentRuvi,21,2,3,Israel
2021-01-07 12:50:19+00:00,1347163654718894083,"Do your duty. The lockdown, with all its restrictions as decided by the government, applies to us all. We are going into lockdown to protect our children. We, all of us and without exceptions, must follow its rules.

https://t.co/3sLPRjIgy9",PresidentRuvi,37,6,11,Israel
2020-12-30 13:26:04+00:00,1344273552044908546,"Meeting the wonderful healthcare workers at the Maccabi vaccination center today in Jerusalem. Two weeks into this huge operation, it was very exciting to see thousands of people getting the vaccine every hour. At this pace, we can turn the corner and start to get back to normal. https://t.co/hk9lvaOgPw",PresidentRuvi,78,6,16,Israel
2020-12-20 10:26:04+00:00,1340604372770840577,"I got the corona vaccine. Dear Israelis, go and get vaccinated too. https://t.co/yhRny4ynMN",PresidentRuvi,901,23,114,Israel
2020-12-14 13:38:35+00:00,1338478492657328129,"Speaking to @Pontifex ahead of Christmas in the shadow of #coronavirus. We have a moral obligation to ensure that all countries receive the vaccine and to follow instructions, even at the expense of our holiday celebrations. Wishing all Christian communities a Merry Christmas! https://t.co/nxJpNFmN4q",PresidentRuvi,77,5,14,Israel
2020-12-10 09:13:14+00:00,1336962165081829377,"Working meeting with FM @AranchaGlezLaya of #Spain, during which we talked about #coronavirus that we are all dealing with. 
I sent my support to the Spanish people affected by the disease and my hopes that we will soon get through this difficult time. https://t.co/ap0BfKwc5E",PresidentRuvi,64,4,12,Israel
2020-12-08 14:53:55+00:00,1336323126599188487,"Boots polished and uniforms pressed, six winners of the President's Award for 2020 who did not come to the ceremony earlier in the year because of #coronavirus visited today. 
Lt. Benjamin, Lt. Ambao, 1Sgt. Yedidia, 1Sgt. A, Sgt. Shira, Sgt. Inbar, we are proud of you!
@idfonline https://t.co/CSHW5GDIzX",PresidentRuvi,31,1,4,Israel
2020-12-07 19:01:47+00:00,1336023117110636544,"I was happy to hear that the first doses of vaccine are expected to arrive in #Israel in the next few days. 

I'm ready, of course.",PresidentRuvi,394,14,38,Israel
2020-11-22 13:31:46+00:00,1330504247226609666,"For nearly a year, we have been living only in the present. The global pandemic has created a health, social and economic crisis across the world, and here in Israel.",PresidentRuvi,4,1,1,Israel
2020-11-18 10:55:39+00:00,1329015408125415424,"Meeting heads of the Christian denominations in Israel with COGAT ahead of #Christmas. With #coronavirus, I asked the church leaders to stress the importance of following the guidelines to their communities, and wished them an early Happy Christmas https://t.co/0k7yVQ4q8l",PresidentRuvi,70,2,16,Israel
2020-11-09 15:18:29+00:00,1325820058090795011,"The virus of antisemitism, racism and xenophobia is tougher than coronavirus. It changes shape, takes cover and threatens to break out through any crack. But there can and there must be a vaccine for it, too.",PresidentRuvi,34,3,8,Israel
2020-11-05 11:49:16+00:00,1324317856562110464,"I was glad to hear that the infection rate is falling, but there are also warning lights. We need a large number of tests to halt the spread of the disease. My fellow Israelis - please do not ignore it. Go and get tested. https://t.co/ft4n01hvxj",PresidentRuvi,36,0,9,Israel
2020-11-05 11:49:14+00:00,1324317850354520064,"The first stage in @IDF's operation to deal with #coronavirus patients at Rambam hospital has ended, and I went to show my appreciation to the medical and support teams. I heard from the patients about the wonderful care they received. https://t.co/qjuF2WpyuG",PresidentRuvi,56,1,12,Israel
2020-11-04 13:27:36+00:00,1323980216461656067,"Even when it's raining and under the #coronavirus restrictions, it was an honor to receive credentials today from the new ambassadors of #Belgium, #Uzbekistan, #Sweden, #Norway and #Latvia to #Israel. To many more years of friendship between our countries and peoples üáßüá™üá∫üáøüá∏üá™üá≥üá¥üá±üáªüáÆüá± https://t.co/qu6fowSBvW",PresidentRuvi,101,5,17,Israel
2020-11-03 14:17:26+00:00,1323630370131202060,"I also visited the Sion Medical factory, a leading global brand for masks and protective equipment. Great pride for Israel. 
Wearing a mask is vital - and if we can support local industry at the same time, even better. https://t.co/a803JdQKS9",PresidentRuvi,19,1,2,Israel
2020-11-03 14:17:23+00:00,1323630355929288706,Visiting Sderot today to hear how they have successfully contained the coronavirus pandemic led by mayor @AlonDavidi. The impressive control room he opened gives personal service to each one of the residents. https://t.co/eAk2wvwHLG,PresidentRuvi,39,4,6,Israel
2020-10-29 15:59:43+00:00,1321844171733405697,"A working meeting with Italian FM @luigidimaio 
I sent our prayers to all Italians and to the country's Jewish community, which have been hit hard by #coronavirus. We will continue to cultivate the good relations between our countries and work together to beat the pandemic. https://t.co/cC5KBAB6qa",PresidentRuvi,59,4,14,Israel
2020-10-15 09:28:08+00:00,1316672194190114818,"Keep your distance, wear a mask and wash hands. #GlobalHandwashingDay2020 is a great reminder of the simple steps we all need to take to keep ouselves and each other safe and to beat #COVID19 https://t.co/R96dyAIvjb",PresidentRuvi,106,18,32,Israel
2020-10-08 09:40:03+00:00,1314138479098503168,"Beit HaNasi is joining @zakaHQ's ""Don't Leave Them Behind"" project. We will call elderly people living on their own to see how they are doing. 
#coronavirus and #loneliness are two deadly diseases, and fighting one of them cannot mean that we neglect those who are alone. https://t.co/niK1dPLzcu",PresidentRuvi,47,14,15,Israel
2020-09-30 14:04:29+00:00,1311305921973366790,"Signing the first pardon of the special process we launched during #coronavirus.
A mounting debt owed by a single mother, a victim of domestic violence who got out of sex work, was forgiven.
We will continue to do all we can for those who need #help in these tough times. https://t.co/F17jQ0DkhB",PresidentRuvi,44,1,8,Israel
2020-09-22 13:40:26+00:00,1308400766353276928,"I have asked the government to apply the freeze and reduction in wages to my salary, too. 

This follows yesterday's government decision, in light of the economic state because of #coronavirus, to reduce salaries of MKs, ministers and the prime minister by 10% https://t.co/UFJ3ImGtXH",PresidentRuvi,146,13,34,Israel
2020-09-22 08:08:29+00:00,1308317229117829120,"Announcing today with justice minister @AviNissenkorn a special pardon process for those who owe fines and are in financial difficulties because of #coronavirus. At a time like this, the State of Israel must help those who need it and are fighting for their lives financially.",PresidentRuvi,84,3,19,Israel
2020-09-18 11:51:29+00:00,1306923796381736960,"As the lockdown comes into force and we are in our homes, tens of thousands of policemen and women are deployed across the country, for us and to protect our personal security and our health. https://t.co/dkckibfTZB",PresidentRuvi,30,6,7,Israel
2020-09-16 17:20:19+00:00,1306281773593174018,"Since the outbreak of the pandemic, I have gone to where the battle is being fought and met with those who care for you, my fellow Israelis, and are doing everything to win this battle, and I ask you ‚Äì put your trust in them.",PresidentRuvi,58,3,11,Israel
2020-09-16 17:19:22+00:00,1306281534635339776,"I think of those with mental health issues in hostels, of soldiers, of parents in old-age homes. The lockdown means that our ability to live together, to celebrate together, to mourn together, to pray together, to fulfil our most basic human needs together ‚Äì all these are harmed.",PresidentRuvi,69,1,12,Israel
2020-09-16 17:16:40+00:00,1306280857221705729,"When the coronavirus burst into our lives, we thought it would be a tough battle, but we hoped for a swift victory and so we accepted the restrictions of social distancing with understanding, despite the costs it entails.",PresidentRuvi,74,1,8,Israel
2020-09-16 17:15:37+00:00,1306280592624021505,"I understand the feelings of confusion and uncertainty, the anxiety that many people are feeling. I understand and, first and foremost, want to apologize for that. On a personal level, I ask your forgiveness for my behavior here at Beit HaNasi during the lockdown during Pesach.",PresidentRuvi,405,11,79,Israel
2020-08-31 16:28:16+00:00,1300470469200617472,"Working meeting with Alternate PM and Minister of Defense @gantzbe discussing the security situation n the south and north of the country,  new opportunities with the normalization of relations with UAE and @IDF efforts to dealing with the #Coronavirus pandemic. https://t.co/CuwE8u7fCQ",PresidentRuvi,54,3,10,Israel
2020-08-24 10:56:52+00:00,1297850354424516609,"We have learned recently that we cannot live in a bubble, unaware  of those around us. Today, at the @TelAviv-Yafo municipality's #coronavirus control room, I met people who work for others, for all those among us who are finding things tough. https://t.co/40DMzgyOzN",PresidentRuvi,50,9,14,Israel
2020-07-15 09:40:52+00:00,1283335714789261312,"Meeting today with Health Minister @YuliEdelstein and D-G of @IsraelMOH who briefed me on current patient numbers and efforts to halt the spread of the virus.
Beit HaNasi will assist the ministry in any way required. I am confident will get through these tough times together. https://t.co/M6XWTcdBym",PresidentRuvi,36,3,12,Israel
2020-07-08 12:55:46+00:00,1280848047271010304,"Receiving diplomatic credentials, in a different and smaller ceremony in line with coronavirus restrictions, from new #ambassadors to #Israel. Welcome to the ambassadors of Colombia üá®üá¥ Greece üá¨üá∑ Denmark üá©üá∞ Romania üá∑üá¥ and Argentina üá¶üá∑!
@IsraelMFA https://t.co/HB57Tp6s5r",PresidentRuvi,125,7,45,Israel
2020-07-06 11:53:04+00:00,1280107495898451969,"Visiting Eilat, Israel's tourism capital where the sun always shines, this morning. I met residents, hoteliers and business people who are dealing with coronavirus. 
Holiday in Israel, if you can - in hotels, tents or guesthouses - all according to the guidelines, of course! https://t.co/d8Q0Xh7bGK",PresidentRuvi,84,9,7,Israel
2020-07-02 10:17:11+00:00,1278633814240174080,"It was a pleasure to speak to President @s_sommaruga of #Switzerland, a long-standing friend of Israel. We spoke about the coronavirus pandemic in our countries, about areas of cooperation in fighting it and about the regional challenges we face at this time.",PresidentRuvi,35,6,12,Israel
2020-06-25 18:38:48+00:00,1276223333055500290,"You, the men and women graduates @IAFsite flight school's 180th course, overcame all obstacles, touched the blue beyond and proved that for you the sky is no limit. We are proud of you. Spread your wings, fly high and come home safely. https://t.co/cBnKMYIleS",PresidentRuvi,33,5,9,Israel
2020-06-18 14:05:21+00:00,1273617801941528578,"Visiting the laboratories of the Brain Sciences Center at the Hebrew University of Jerusalem today, where they are doing groundbreaking work to fight coronavirus, https://t.co/M0RxXK7bpI",PresidentRuvi,47,5,14,Israel
2020-06-17 07:50:10+00:00,1273160994823561216,Holding a first working meeting since the outbreak of #coronavirus today with @PrimeministerGR Kyriakos Mitsotakis. His visit in these challenging days is further testimony to the strong relations between our countries. I hope flights between Tel Aviv and Athens resume soon üáÆüá±üá¨üá∑ https://t.co/VFzDGFgFgW,PresidentRuvi,55,5,23,Israel
2020-06-14 09:30:25+00:00,1272099060976160769,"At the same time, an epidemiological investigation is being carried out under the close instructions of the District Health Officer and tests for coronavirus are being carried out according to need and contact with the affected employee.",PresidentRuvi,31,1,8,Israel
2020-06-14 09:30:24+00:00,1272099057545162753,"Beit HaNasi has been cleaned after receiving information yesterday that one of its workers has coronavirus, disinfecting all offices, including bathrooms and kitchens. The president‚Äôs private office was cleaned thoroughly and he will resume working from it tomorrow. https://t.co/WOPHpN3M7h",PresidentRuvi,69,9,17,Israel
2020-06-13 17:57:06+00:00,1271864185870221313,"During Shabbat, Beit HaNasi was informed that one of its members of staff tested positive for coronavirus.
Consultations are now taking place with relevant authorities from the Ministry of Health regarding who will be required to isolate, and the implications for President Rivlin",PresidentRuvi,47,3,15,Israel
2020-06-10 17:27:15+00:00,1270769508899328002,Together with FM @Gabi_Ashkenazi on a video conference this evening with American Jewish leaders in light of current events there and #coronavirus. We stand together with our brothers and sisters in Jewish communities around the world against all forms of antisemitism and racism. https://t.co/fNbn2O9ZDL,PresidentRuvi,94,17,31,Israel
2020-06-03 14:36:01+00:00,1268189700784680961,"A fascinating visit to @ElbitSystemsLtd. I thanked them for the incredible speed with which they sought solutions for @coronavirus, producing a portable ventilator and comms systems for hospitals. Our advanced technological capacity is the heart of our security advantage https://t.co/AJ7SszSnEh",PresidentRuvi,42,0,10,Israel
2020-05-12 15:13:04+00:00,1260226492853825543,"Speaking to President Milo ƒêukanoviƒá of Montenegro today, I said the international community must face #coronavirus together as it crosses boundaries and touches all peoples. We will continue to work together to find solutions to make our world safer again. 
@predsjednik_cg",PresidentRuvi,45,5,16,Israel
2020-05-12 12:26:31+00:00,1260184579970916352,"I spoke to my friend the President of Germany to mark 55 years of diplomatic relations between our countries. Unfortunately #coronavirus kept us apart. Israel-German relations have strengthened in recent years and cooperation, so important right now, will continue to flourish.",PresidentRuvi,91,6,20,Israel
2020-05-11 15:01:19+00:00,1259861146758189064,"Speaking today with Gov @PhilMurphyNJ of New Jersey, expressing our solidarity as we fight coronavirus. Thank you for your important work to combat antisemitism and your commitment to the Jewish community, particularly at this sensitive time. We hope to see you in Israel soon!",PresidentRuvi,183,15,28,Israel
2020-05-11 13:40:17+00:00,1259840755075624963,"I call on the government not to ignore their calls and to pay the full amount promised, a need even greater with #coronavirus. The new government should set out a 5-year plan, with municipal leaders, and ensure it properly answers the needs of Druze and Circassian authorities. https://t.co/pO1z4p4Ck2",PresidentRuvi,29,0,5,Israel
2020-05-07 12:28:53+00:00,1258373235198119936,"Visiting the #Israel Institute for Biological Research today with DM @naftalibennett. They have made a world-class breakthrough, identifying a series of antibodies to fight #coronavirus. The dedication and passion of the scientists is truly inspiring. https://t.co/MQL4lVnKoG",PresidentRuvi,151,7,43,Israel
2020-05-06 14:58:10+00:00,1258048415256248321,A unique comms system to connect ICUs and a ventilator assembly line for #coronavirus patients - just two of the incredible developments by the @IDF's Intelligence Branch's tech unit that I saw on my visit today. Thank you for your round-the-clock dedication to #Israel's security https://t.co/mLmj1dTdu8,PresidentRuvi,103,4,23,Israel
2020-04-30 15:43:32+00:00,1255885505402675200,"Speaking to @NYGovCuomo about the #coronavirus crisis and the tough times New York State and NYC, including our brothers and sisters in the #Jewish community, are going through. We stand with them all and will carry on working together to fight this terrible disease. 
@NYGov",PresidentRuvi,92,8,21,Israel
2020-04-16 13:44:46+00:00,1250782186824970240,"Important meeting today with FM @KahlonMoshe and UN MEPP Special Coordinator @nmladenov, together with @cogatonline @IDF. We were briefed on the current situation of joint resources and thinking with the Palestinians to halt the spread of #coronavirus, which knows no boundaries. https://t.co/g63dXDCt8O",PresidentRuvi,40,7,10,Israel
2020-04-05 10:34:25+00:00,1246748018180796416,"Selling #Pesach chametz today with Sephardi Chief Rabbi of #Jerusalem Shlomo Moshe Amar, I spoke out strongly against the criticism of the ultra-Orthodox community. We must not make false accusations about the spread of #coronavirus based on the bad actions of a few individuals. https://t.co/7Mt1Wfhcyd",PresidentRuvi,59,5,20,Israel
2020-04-02 16:57:35+00:00,1245757282673197062,"Speaking today with President @EmmanuelMacron, UN Special Coordinator @nmladenov and British Ambassador to #Israel @FCONeilWigan, I said that international cooperation is crucial in our battle against #coronavirus. https://t.co/u6DL12s4zv",PresidentRuvi,51,6,14,Israel
2020-03-29 10:54:24+00:00,1244216329504243719,"Speaking to the Minister of Health and PMO today following the @IsraelMOH decision to move the elderly and frail, including Holocaust survivors, from their hospital beds to care for #coronavirus patients. The decision should be reconsidered. We must not abandon our elderly.",PresidentRuvi,56,5,16,Israel
2020-03-29 09:56:33+00:00,1244201771037327360,"I sent messages for the speedy recovery of HRH Prince Charles @ClarenceHouse, PM @BorisJohnson, HSH Albert II and PM Serge Telle of #Monaco who have contracted #coronavirus, which ignores national borders. International cooperation is vital to beat it. Together, we will overcome.",PresidentRuvi,134,18,29,Israel
2020-03-27 11:34:47+00:00,1243501719784501250,"Speaking today to the presidents of #Austria, #Cyprus and #Geece about #coronavirus , I wished their citizens good health and heard how the countries are dealing with the spread of the virus. They expressed their support and solidarity with #Israel. We appreciate your friendship!",PresidentRuvi,103,10,20,Israel
2020-03-26 11:06:34+00:00,1243132229422845953,"Meeting with #Egypt's ambassador to #Israel in light of #coronavirus, I said that Israel will cooperate in any way with Egypt and the peoples of the region in the fight against the disease. https://t.co/oMp2VdiZdr",PresidentRuvi,155,6,43,Israel
2020-03-24 13:50:20+00:00,1242448668235575297,"Speaking today with the president of #Croatia, who took office in January, I said I was sorry that #coronavirus was our first occasion to talk. I thanked him for the assistance in getting 70 #Israeli students back home and stressed our strong and important bilateral relations.",PresidentRuvi,58,2,13,Israel
2020-03-24 13:49:34+00:00,1242448476014874624,"Speaking today with the president of #Czechia about #coronavirus, I said #Israelis are standing with #Czechs in solidarity. The spread of the disease and steps taken by both governments are similar. Both peoples knew how to overcome past challenges and will know how to rebuild",PresidentRuvi,31,2,2,Israel
2020-03-24 10:51:28+00:00,1242403653815762945,Excellent meeting with my friend  Minister of Defense @naftalibennett. Long discussion about #Israel's preparations to combat #coronavirus and the solutions our people are working on so our emergency forces can work to the best of their ability. https://t.co/Pcmkv7SHWT,PresidentRuvi,44,5,13,Israel
2020-03-23 12:58:00+00:00,1242073107973750784,"Meeting with Minister of Labor, Social Affairs and Social Welfare Ofir Akunis about #coronavirus. For many, staying at home for a long period of time is difficult and domestic violence is a particular problem. Thanks to all the teams helping those in need at this time https://t.co/kMmu1vezME",PresidentRuvi,24,6,5,Israel
2020-03-23 10:53:41+00:00,1242041825596227584,"Speaking with President @dodon_igor of #Moldova about #coronavirus today, I thanked him for helping over 800 #Israeli students leave the country and agreed to continue our cooperation to fight the virus.",PresidentRuvi,40,5,6,Israel
2020-03-22 15:08:27+00:00,1241743549546233857,"Speaking with the President of #Armenia today about the #coronavirus, we discussed possible cooperation and information exchange about how our health systems are dealing with the disease.
@armgov",PresidentRuvi,27,6,6,Israel
2020-03-22 15:05:48+00:00,1241742882136109057,"Speaking today with King Felipe of #Spain about #coronavirus, I told him we in #Israel are with the Spanish people as they deal with its spread. I thanked him for the cooperation of the Spanish airports in helping Israelis get home from South and Central America. 
@CasaReal",PresidentRuvi,363,15,89,Israel
2020-03-19 16:59:34+00:00,1240684351836303362,"I spoke today with the presidents of #Germany and #Italy to support their fight against #coronavirus in their countries. We Israelis identify with them from here. We need concerted international campaign

Cartoon credit: Shay Charka / The Israeli Cartoon Project
@Qurinale https://t.co/d1S3td7JYA",PresidentRuvi,257,13,69,Israel
2020-03-17 16:25:30+00:00,1239951000934453253,"With every update on the spread of  #coronavirus that we hear from around and the world we also think of you, our family abroad, and pray that you are staying strong, united, healthy and well.

https://t.co/KTbC1pjwwi",PresidentRuvi,173,6,73,Israel
2020-03-08 13:28:15+00:00,1236644902433435650,"Meeting with Minister of Health Yaakov Litzman, director-general of the ministry and the @IsraelMOH team who updated me on those who have #Coronavid19 and the steps to contain its spread in #Israel. Thank you for your dedication and great care for the welfare of all Israelis https://t.co/hShoB2eVeV",PresidentRuvi,39,10,7,Israel
2020-02-10 11:57:42+00:00,1226837644459610113,"I spoke this morning with Ofer in #China. His Facebook posts from #Wuhan fill our hearts with prayers this difficult time ends soon. I sent him and his family hugs from us all. We pray a return to normality. 
We are with you, dear Ofer. We are with you, dear people of China. üáÆüá±üá®üá≥ https://t.co/m5YnEZUoDd",PresidentRuvi,100,7,19,Israel
2021-03-04 07:02:29+00:00,1367369840701239296,"Got my first dose of the vaccination against COVID-19 this morning. Thanking sister Ramya PC, for her care and professionalism. Fortunate to be in India, where development and dissemination has been prompt and affordable. #vaccinated https://t.co/4ejylZdv1U",nsitharaman,8905,233,865,India
2021-02-24 17:34:04+00:00,1364629680872022023,"Thank you for recognising India‚Äôs efforts during the pandemic. 
@PMOIndia @narendramodi had said ‚ÄúIndia recognises and values the work of GAVI, that is why it became a donor to GAVI while still being eligible for GAVI support.‚Äù

Looking forward to working with you, going forward. https://t.co/tvtfWKiCP5",nsitharaman,1300,148,255,India
2021-02-24 09:13:07+00:00,1364503613498818561,"Today marks 2 years of PM-Kisan Samman Nidhi. Over 11 cr farmers, each, receive an income support of ‚Çπ6000/year. Even through the pandemic, through Direct Benefit Transfer (DBT) all 3 instalments amounting to Rs 58,600 crore was released by 25th Dec ‚Äò20.

#KisanKaSammanPMKisan https://t.co/pJ90nOskVo",nsitharaman,1158,127,321,India
2021-01-16 05:21:21+00:00,1350312159704539137,"Leading from the front in addressing the challenges of #Corona, @PMOIndia @narendramodi extended unwavering support for vaccine development and production in India. As a result today, we see across India, a rollout of #COVID19Vaccination 
#SabKaSaathSabKaVikas
#AtmaNirbharBharat https://t.co/F6v08rO96e",nsitharaman,710,104,214,India
2020-12-29 01:59:38+00:00,1343738418069553152,"An account of how ‚Å¶@PMOIndia‚Å© is leading us from the front during the pandemic.
‚ÄúResponding swiftly to each trial thrown up by the war against Covid, Modi displayed a firm belief in optimising social capital and in the power of the collective.‚Äù https://t.co/16CpCobfcy",nsitharaman,1567,252,302,India
2020-11-30 12:37:28+00:00,1333389684160958464,"8. But in recent past we see the basis for protest is not the policy decision but doubts &amp; rumours. False propaganda- the decision is okay but going forward somethings may happen- is spread.
Fear is being spread about what‚Äôs not happened &amp; that which will ever happen. #FarmLaws",nsitharaman,592,17,119,India
2020-11-30 12:37:26+00:00,1333389675596111874,4. We had promised that we‚Äôll stop blackmarket in urea and we‚Äôll ensure it‚Äôs adequate supply. In the past 6years we ensured that there were no shortages. Even during the lockdown there were no difficulty. #FarmLaws,nsitharaman,423,4,93,India
2020-09-26 15:50:03+00:00,1309882938595500032,Marking 75 years of @UN @PMOIndia addresses the General Assembly. Recalls the transformational changes in the last 6 years that positively changed our lives. Calls for reforms to the @UN. Commits that our vaccine production and distribution systems will benefit #mankind. https://t.co/xZxoIbwXAJ,nsitharaman,1432,77,286,India
2020-08-22 10:27:31+00:00,1297118194209968128,"The C&amp;AG Report No 20 of 2019...Defence Offset Performance was scheduled to be tabled in the Parliament during budget session (2020). The session ended, before date, due to COVID. Now the report will be placed in the next session. The contents will be known only after that.",nsitharaman,6262,365,1176,India
2020-08-03 11:33:17+00:00,1290249377244618757,"@BSYBJP Good to see your message Hon. CM @BSYBJP avare.  Appreciate your well-meaning advice to everyone to take all precautions against #coronavirus.
My prayers for your speedy recovery.",nsitharaman,603,7,30,India
2020-07-08 07:41:53+00:00,1280769055712919553,The Cabinet under the leadership of @PMOIndia @narendramodi gave approval for extending #PMGKAY - Garib Kalyan Anna Yojana upto end November. 81.09 crore people would rightly get free food grains (5kg/person) for 8 continuous months. #coronavirus,nsitharaman,7016,256,971,India
2020-07-04 16:48:41+00:00,1279457113681489921,"Karyakarta of @BJP4India in the service of the nation during the #Corona pandemic. 
Today‚Äôs review in the presence of @PMOIndia @narendramodi and adhyaksh @JPNadda included @BJP4Assam @BJP4Bihar @BJP4Delhi @BJP4Rajasthan @BJP4Maharashtra @BJP4Karnataka and @BJP4UP https://t.co/5MuXNmC89I",nsitharaman,607,32,95,India
2020-07-04 15:53:04+00:00,1279443118006231041,"During the #Corona pandemic @BJP4India and all state units undertook service for the poor and the needy. Cooked food, ration, medicines, face mask, migrant care were provided. @PMOIndia @narendramodi and adhyaksh @JPNadda reviewed the activities 7 states. #SevaHiSangthan https://t.co/s5zgXOj4xy",nsitharaman,5146,150,571,India
2020-06-09 02:48:41+00:00,1270186023251636229,Lockdown helped avert 3 million deaths in Europe: Study - The Hindu BusinessLine. ‚Å¶@MoHFW_INDIA‚Å© ‚Å¶@mygovindia‚Å© ‚Å¶@PIB_India‚Å© ‚Å¶@NITIAayog‚Å©  https://t.co/6N7QR8i81t,nsitharaman,694,67,125,India
2020-06-02 11:53:18+00:00,1267786364730454016,"Addressing #CIIAnnualSession2020 @PMOIndia said that India has left the lockdown and has entered #Unlock1. This is become possible because when across the world #Corona was spreading, at the right time India took the right step in the right way. @PMOIndia",nsitharaman,1884,155,247,India
2020-05-20 08:22:12+00:00,1263022197720801280,"Nirmala Sitharaman interview: FM speaks on coronavirus India lockdown, Atmanirbhar Bharat Abhiyan economic package.. ‚Å¶@IndianExpress‚Å©  https://t.co/FGoZPQbP5D",nsitharaman,1287,170,244,India
2020-05-12 16:50:42+00:00,1260251065271775233,"Indian economy has acquired strength in its various dimensions. Now, we can confidently engage with the world. We aim at overall transformation &amp; not incremental changes. We shall convert the pandemic challenge into an opportunity. #AatmanirbharBharat will integrate not isolate.",nsitharaman,2671,137,487,India
2020-05-12 14:37:40+00:00,1260217585229955073,"India has to become #selfreliant. This pandemic has provided an opportunity for us to make the 21st  century an Indian century , says @PMOIndia @narendramodi",nsitharaman,1943,72,323,India
2020-05-09 16:35:19+00:00,1259160030349148162,"‚Å¶‚Å¶@PMOIndia‚Å© leads India‚Äôs fight against #coronavirus from the front. His popularity is over 70% finds survey by @TimesNow‚Å©. Shows people‚Äôs confidence in the leadership of ‚Å¶@narendramodi‚Å© during extraordinary times caused by pandemic.

https://t.co/7MU8Pp7AGl",nsitharaman,7422,2389,1289,India
2020-04-22 08:28:57+00:00,1252877038324613121,Public opinion based approval ratings of world leaders shown in the charts. @PMOIndia leads #IndiaFightsCorona from the front. Consistent high approval ratings for @narendramodi. Nation has confidence in its leadership in an extraordinary situation due a pandemic. https://t.co/fwrRDsp0o7,nsitharaman,6081,540,1561,India
2020-04-14 05:10:38+00:00,1249928024889278464,"We have to be alert that there shall be no new #Corona #hotspots. We have to be as careful as we have been all this while. Lockdown is extended till 2 May 2020, says @PMOIndia.",nsitharaman,10103,663,1012,India
2020-04-14 04:48:29+00:00,1249922449501638656,"We have to be alert that there shall be no new #Corona #hotspots. We have to be as careful as we have been all this while. Lockdown is extended till 2 May 2020, says @PMOIndia",nsitharaman,5584,525,626,India
2020-04-13 06:19:10+00:00,1249582885226426374,Back to working in North Block office with a home-made mask this morning. https://t.co/SlkxZdYuab,nsitharaman,28546,1352,2048,India
2020-04-05 16:08:39+00:00,1246832128588787712,"From a friend‚Äôs family in Gangtok, Sikkim. They wrote saying they lit the Chimi (butter lamps), ‚Äúoffering prayers for our fight against this global pandemic.‚Äù #IndiaFightsCoronavirus https://t.co/EuCKDkG7N5",nsitharaman,3724,48,396,India
2020-04-05 11:46:21+00:00,1246766122013089792,Wish to thank the staff and officers of @FinMinIndia inclusive of those in PSBs who have come forward and contributed ‚Çπ430 crore towards @PMCares PM-CARES Fund to combat COVID-19 outbreak. https://t.co/ngZvE9JqV4.,nsitharaman,3649,198,628,India
2020-04-03 03:46:40+00:00,1245920630232375297,"Let‚Äôs defeat #Corona together. Let Ma Bharati win. Remember on Sunday, 5 April, give 9 minutes standing out of homes, either in your balcony or outside the doorway, keep a light in your hand&amp; remember we are all together in this fight. Social distancing to be respected. @PMOIndia",nsitharaman,8787,360,1322,India
2020-04-03 03:41:01+00:00,1245919206786224130,"On 5 April, Sunday, at 21:00 hrs switching off all lights, please stand out of your houses for nine minutes&amp; keep a light- a candle, a Diya, a torch-remembering that we are not alone in this fight against #Corona . Please maintain social distancing even while doing so. @PMOIndia",nsitharaman,6476,398,1058,India
2020-04-03 03:36:42+00:00,1245918118335008768,"It is certainly a lockdown. We are in  our homes, but we are not alone in this. We are all together and since we are each - Janata Janardan- a form of the Universal Supreme we have collective energy to fight this #Corona, says @PMOIndia",nsitharaman,1762,71,257,India
2020-03-30 14:03:23+00:00,1244626278059106310,"Appreciate the Principal Commisioner of Customs, Noida for issuing a timely Advisory on non-charging of container detention charges during the lockdown period. Facilitates Exporters/Importers in these extra ordinary situations. https://t.co/snt3EV9yCG",nsitharaman,800,40,149,India
2020-03-30 08:13:42+00:00,1244538279694716934,"All banks are ensuring that their branches are kept open, ATMs filled up &amp; are working. Banking correspondents are active. Social distancing is respected &amp; sanitizers are provided where necessary. Just in case, any assistance/clarification is required contact @DFSFightsCorona",nsitharaman,10515,772,1618,India
2020-03-29 02:52:05+00:00,1244094953522774017,"Appreciate the dedication. Effort to comply with social distancing, hand sanitising etc, are the need of the hour. In public interest. https://t.co/yO5jfHSFka",nsitharaman,2205,49,337,India
2020-03-28 12:51:54+00:00,1243883511615901697,"Had a detailed conversation with chiefs of Banks-public&amp; private. Encouraging to know that they are doing their best, even during the lockdown. They are certain that they‚Äôll ensure customer service without disruption. Social distancing is being adhered to as well. @PIB_India",nsitharaman,4667,365,700,India
2020-03-24 16:10:02+00:00,1242483824736387073,India in a 21 day lockdown to contain #COVID2019. @PMOIndia @narendramodi talks firm in the interest of each and every citizen. The Laxman Rekha can not be crossed. #StayHomeIndia. #Essentialservices shall be maintained. #EssentialWorkers shall be respected and honoured. https://t.co/BGbAfqQzQI,nsitharaman,3524,638,616,India
2020-03-24 07:03:08+00:00,1242346191519531008,"Even as we are readying an economic package to help us through the Corona lockdown (on priority, to be announced soon) I will address the media at 2pm today, specifically on statutory and regulatory compliance matters. Via video conference. @FinMinIndia @PIB_India @ANI @PTI_News",nsitharaman,14014,1262,2677,India
2020-02-14 17:15:03+00:00,1228367060062703616,#CoronaVirus https://t.co/Ceo9Tg1guZ,nsitharaman,776,41,93,India
2021-02-23 09:02:43+00:00,1364138608295178240,"Opening Remarks by Pres. Moon (@moonriver365) at Meeting with His Senior Secretaries

""At last, COVID-19 vaccinations will commence this week. We will ensure that vaccines will be administered in a swift, safe and systematic manner.""

‚ñ∂Full text : https://t.co/YUpUVfny6e https://t.co/hPmjSoCCae",TheBlueHouseENG,231,8,133,South Korea
2021-01-29 08:09:14+00:00,1355065451395514368,"Remarks by Pres. Moon (@moonriver365) at Korea-Uzbekistan Videoconference Summit

""Today‚Äôs summit will serve as a new milestone for our mutually beneficial cooperation and common prosperity in the post-COVID-19 era.""

‚ñ∂Full text : https://t.co/K4HnG0f2Kq https://t.co/7h5o2Zr4iy",TheBlueHouseENG,174,19,104,South Korea
2021-01-21 08:32:45+00:00,1352172270081306626,"Remarks by Pres. Moon (@moonriver365) during Visit to COVID-19 Vaccine Producing Company

""We have the WHO‚Äôs best rated vaccination system in place. We will vaccinate the entire population quickly and safely with the public‚Äôs trust.""

‚ñ∂Full text : https://t.co/VxN7KZ6wxX https://t.co/iD2fcwm6G5",TheBlueHouseENG,188,5,116,South Korea
2020-12-30 08:00:55+00:00,1344191725196124160,"Remarks by Pres.Moon (@moonriver365)at Meeting with His Senior Secretaries

This year, we've seen how COVID-19 could completely change the lives of humanity. We'll use the extraordinary experiences as an opportunity for greater advancement.""

‚ñ∂Full text : https://t.co/LlD8KeT7m1 https://t.co/DnmVNdXw10",TheBlueHouseENG,172,6,120,South Korea
2020-12-15 10:44:43+00:00,1338797129389641728,"Opening Remarks by Pres. Moon (@moonriver365) at Meeting with His Senior Secretaries 

""While stemming the spread of COVID-19,¬†we will do everything possible to protect people's livelihoods with an extraordinary sense of responsibility."" 

‚ñ∂Full text : https://t.co/CxyCIoiF7j https://t.co/8IFaWZEjoY",TheBlueHouseENG,244,2,154,South Korea
2020-11-26 09:21:06+00:00,1331890716457328640,"Remarks by Pres. Moon (@moonriver365) at Event to Promote AI in Connection with Korean New Deal

""The Republic of Korea‚Äôs dream is to become a leading nation in the post-COVID-19 era ‚Äì that is to say one that makes the most of AI.""

‚ñ∂Full text :¬†https://t.co/vyEOlESV9i https://t.co/RqdkJUX0g4",TheBlueHouseENG,184,7,111,South Korea
2020-11-14 09:26:45+00:00,1327543480931872769,"Opening Remarks by Pres.Moon(@moonriver365)at 23rd ASEAN+3 Summit 

""I hope ASEAN+3 can become the hope for the global economy in the post-COVID-19 era. I hope we can further reinforce cooperation and share wisdom for mutual prosperity."" 

‚ñ∂Full text : https://t.co/5SfhujsdkP https://t.co/sK1Jht7DWX",TheBlueHouseENG,228,4,128,South Korea
2020-10-16 08:56:48+00:00,1317026696059527168,"Remarks by Pres. Moon(@moonriver365) During Visit to Business Developing COVID-19 Vaccine

""The Government will keep providing as much support as possible ‚Äúuntil the end when success is assured.‚Äù

‚ñ∂Full text :¬†https://t.co/85BTNoXxE5 https://t.co/pCSysvTWEf",TheBlueHouseENG,220,4,142,South Korea
2020-10-13 09:05:37+00:00,1315941750586761216,"Opening Remarks by Pres. Moon(@moonriver365) at Meeting with His Senior Secretaries

""I hope that lowering the social distancing level this time will serve as an opportunity for the people to muster their strength once more.""

‚ñ∂Full text : https://t.co/IUipZexORR https://t.co/oowFAze2Lu",TheBlueHouseENG,159,3,89,South Korea
2020-10-07 08:58:25+00:00,1313765611969810433,"Opening Remarks by Pres. Moon(@moonriver365) at 51st Cabinet Meeting

""We will strive to ensure that SMEs serve as key players in the digital economy that ushers in the post-COVID-19 era.""

‚ñ∂Full text : https://t.co/qmeOHPGqZH https://t.co/J3dHW7a7OO",TheBlueHouseENG,183,3,129,South Korea
2020-09-22 05:19:55+00:00,1308274807968903168,"Address by Pres. Moon(@moonriver365) at High-Level Meeting to Commemorate the 75th Anniversary of the UN

""The five countries of MIKTA share the common understanding that the key to overcoming COVID-19 is unity, solidarity and cooperation.""

‚ñ∂Full text : https://t.co/P0g9ZkrJSn https://t.co/rODdi9wkS2",TheBlueHouseENG,345,13,243,South Korea
2020-07-20 05:57:08+00:00,1285091350145200128,Message from President Moon Jae-in(@moonriver365) on COVID-19 https://t.co/00WnVIcLhN,TheBlueHouseENG,521,19,233,South Korea
2020-07-09 02:29:20+00:00,1281052788013756417,"Video Message by President Moon Jae-in(@moonriver365) at ILO Global Summit on COVID-19 and the World of Work

‚ÄúNew and better jobs ‚Äì pathway to mutual prosperity‚Äù

‚ñ∂https://t.co/cosg1T1dQE https://t.co/58AOwzZjvb",TheBlueHouseENG,221,8,155,South Korea
2020-06-19 05:27:13+00:00,1273849798529974272,"Remarks by Pres. Moon(@moonriver365) During Visit to Business in Digital Economy, Korean Version of New Deal

""Government is pushing for a Korean version of the New Deal to overcome the COVID-19 crisis and respond to the post-COVID-19-era.""

‚ñ∂Full text¬† :https://t.co/ywdzyvogvt https://t.co/Cnnv8At6JG",TheBlueHouseENG,194,4,148,South Korea
2020-05-05 06:07:38+00:00,1257552514867539968,"&lt;Visit to Cheong Wa Dae on Minecraft&gt;
It‚Äôs Children‚Äôs Day in South Korea today. 
For kids that have been staying home amid the COVID-19 pandemic, Cheong Wa Dae turned into a special place‚Äîwhere they can come take their masks off and roam free.
‚ñ∂Link : https://t.co/Fo8KayvHDb",TheBlueHouseENG,358,12,192,South Korea
2020-04-14 12:25:48+00:00,1250037538439323649,"Remarks by Pres. Moon(@moonriver365) at Special ASEAN Plus Three Summit

""The Republic of Korea will stand with ASEAN+3 and work together to defeat the COVID-19 pandemic and overcome the economic crisis.""

‚ñ∂Full text :¬†https://t.co/NxcL9P8Dui https://t.co/nmjsTsQD3D",TheBlueHouseENG,304,5,214,South Korea
2020-04-10 09:24:47+00:00,1248542431399653377,Message from President Moon Jae-in(@moonriver365) on Report¬†of Zero New Confirmed COVID-19 Cases in Daegu https://t.co/bR6RtRnGA5,TheBlueHouseENG,595,13,342,South Korea
2020-04-10 07:38:41+00:00,1248515732469452801,"Remarks by Pres. Moon(@moonriver365) at Joint Meeting to Develop COVID-19 Treatments and Vaccine

""I look forward to the development of treatments and a vaccine giving our people confidence and hope.""

‚ñ∂Full text : https://t.co/NSCWKDvlsA https://t.co/YVQZOiKmjv",TheBlueHouseENG,159,5,123,South Korea
2020-04-06 09:07:17+00:00,1247088478916988928,Message from President Moon Jae-in(@moonriver365) on Passing of Korean Physician Infected with COVID-19 https://t.co/i0exLF1f07,TheBlueHouseENG,318,2,235,South Korea
2020-04-01 08:17:01+00:00,1245263888301481984,"Remarks by Pres. Moon(@moonriver365) at 16th Cabinet Meeting

""On the frontlines where all the people around the world are fighting COVID-19, international cooperation and solidarity is a weapon that can determine victory or defeat in a war""

‚ñ∂Full text :¬†https://t.co/ex41AmyDfN https://t.co/PewNgvYS5l",TheBlueHouseENG,202,7,151,South Korea
2020-04-01 06:58:52+00:00,1245244219087716354,"[VIDEO] S.Korea's Secret Weapon Against COVID-19, Explained by 13 Frontline Workers

""With international cooperation and solidarity, we can overcome COVID-19 together""

#Stay_Strong_Korea
#Stay_Strong_World
#Defeat_COVID19_Together https://t.co/4nMCnRGlrU",TheBlueHouseENG,194,4,164,South Korea
2020-03-30 06:04:38+00:00,1244505795955273733,"Address by Pres. Moon(@moonriver365) on 5th West Sea Defense Day

""Marking West Sea Defense Day today, we commemorate indomitable heroes and further renew our commitment to surmount the COVID-19 outbreak.""

‚ñ∂Full text :¬†https://t.co/WqCHfEg1vt https://t.co/J3omeitYKF",TheBlueHouseENG,205,2,153,South Korea
2020-03-26 23:30:54+00:00,1243319548477984768,"Remarks by Pres. Moon(@moonriver365) at G20 2020 Extraordinary Virtual Leaders Summit

""I hope that today‚Äôs summit will serve as an opportunity to reaffirm the G20 members‚Äô solidarity to overcome COVID-19 together.""

‚ñ∂Full text :¬†https://t.co/fqB4ebsLLE https://t.co/fTireuUKfR",TheBlueHouseENG,415,9,284,South Korea
2020-03-26 08:54:48+00:00,1243099070316417024,"Remarks by Pres. Moon(@moonriver365) at Meeting with Producers of COVID-19 Diagnostic Kits Approved for Emergency Use

""Let us turn this crisis into an opportunity and create new examples of global cooperation together.""

‚ñ∂Full text :¬†https://t.co/KWSSisaNq4 https://t.co/WIs3QOw3Xz",TheBlueHouseENG,235,7,183,South Korea
2020-03-19 05:06:28+00:00,1240504892944314368,"Opening Remarks by Pres. Moon(@moonriver365) at Roundtable with Principal Economic Players

""We must overcome the COVID-19 outbreak and also succeed in reviving the economy without fail.""

‚ñ∂Full text :¬†https://t.co/KF2a0o4OY6 https://t.co/NO5BaGRKwl",TheBlueHouseENG,211,6,157,South Korea
2020-03-18 07:15:26+00:00,1240174961932652544,"Opening Remarks by Pres. Moon(@moonriver365) at 13th Cabinet Meeting

""While striving to bring the COVID-19 outbreak under control, we should prepare to take full-fledged measures in order to intensively boost domestic demand and consumption.""

‚ñ∂Full text:https://t.co/E6Nyd45rWo https://t.co/q6INTr9vSO",TheBlueHouseENG,194,5,130,South Korea
2020-03-17 08:37:10+00:00,1239833139431616513,"We are currently talking about ‚Äúsocial distancing,‚Äù yet in our minds, we continue to move forward, sticking together, wrapping our arms over each other‚Äôs shoulders.
- Message from Pres.Moon(@moonriver365) on March 04, 2020
  #Stay_Strong_Korea #Defeat_COVID19_Together https://t.co/uzPdirCBus",TheBlueHouseENG,793,25,608,South Korea
2020-03-17 02:38:15+00:00,1239742815141105665,"Remarks by Pres. Moon(@moonriver365) at Meeting to Discuss Countermeasures against COVID-19 Outbreaks in Seoul Metropolitan Area

‚ñ∂Full text :¬†https://t.co/Pwb2Lbm7lb https://t.co/dzXWdpHHqO",TheBlueHouseENG,168,1,120,South Korea
2020-03-13 08:14:01+00:00,1238377763691581440,"Special thanks for the world's support on Koreans battling COVID-19 via the #Stay_Strong_Korea hashtag campaign. 
Let's overcome COVID-19 together! 

#Stay_Strong_Korea
#Stay_Strong_World
#Defeat_COVID19_Together https://t.co/FAEyFDWfQe",TheBlueHouseENG,384,16,258,South Korea
2020-03-12 07:40:43+00:00,1238006996617424898,Message from President Moon Jae-in(@moonriver365) on COVID-19 Outbreak Being Declared Pandemic https://t.co/VjPklLfGrk,TheBlueHouseENG,182,6,126,South Korea
2020-03-05 05:55:02+00:00,1235443686038573058,Message from President Moon Jae-in(@moonriver365) on Joint Efforts to Overcome COVID-19 Outbreak https://t.co/bUokRyNy3V,TheBlueHouseENG,264,13,170,South Korea
2020-02-29 11:32:10+00:00,1233716586545999872,"This is a summary of the Government's support package to help get through the COVID-19 outbreak.  Despite this grave crisis situation, We are fully able to overcome the COVID-19 outbreak and will by all means prevail.

@moefkorea_eng https://t.co/COii82RwRe",TheBlueHouseENG,198,7,151,South Korea
2020-02-26 06:40:08+00:00,1232555930551635968,"Remarks by Pres. Moon(@moonriver365) at Special Meeting in Daegu for COVID-19 Countermeasures

""If we all pool our strengths, there is nothing that we cannot surmount.""

‚ñ∂Full text :¬†https://t.co/RDulBbikXa https://t.co/izCnmWBG3I",TheBlueHouseENG,143,12,97,South Korea
2020-02-24 09:51:30+00:00,1231879315538628608,"Remarks by Pres. Moon(@moonriver365) at Meeting with His Senior Secretaries

""A virus can spread anxiety, but it cannot break people‚Äôs will.""
 
‚ñ∂Full text : https://t.co/hzRp0qhrct https://t.co/8P0ZWdedIc",TheBlueHouseENG,206,14,163,South Korea
2020-02-14 06:45:21+00:00,1228208590114058242,"Opening Remarks by Pres. Moon(@moonriver365) at Meeting with Business Community Leaders in regard to COVID-19 Responses

""The business community‚Äôs efforts are translating into economic recovery.""

‚ñ∂Full text :¬†https://t.co/yj3UsHabLS https://t.co/aKLFQe78li",TheBlueHouseENG,171,4,107,South Korea
2020-02-05 06:34:45+00:00,1224944430878097408,"Opening Remarks by Pres. Moon(@moonriver365) at 5th Cabinet Meeting

""The Government is responding to the current situation by mustering all national capabilities to protect our people from the spread of the novel coronavirus.""

‚ñ∂Full text :¬†https://t.co/ys2KTklNOG https://t.co/7pxmYQtiK8",TheBlueHouseENG,163,8,114,South Korea
2020-01-30 08:43:25+00:00,1222802485556867073,"Opening Remarks by Pres. Moon(@moonriver365) at Meeting to Check Measures against New Coronavirus Infections

""The weapon that can protect us from the new coronavirus is not fear and aversion but trust and cooperation.""

‚ñ∂Full text :¬†https://t.co/X2lkUmqXOi https://t.co/smAYDoJ9Al",TheBlueHouseENG,151,14,120,South Korea
